Modelo,Tiempo_Inferencia_ms
GRU,3.4865498542785645
LSTM,2.621762752532959
CRN,2.635073661804199
Transformer,5.764932632446289
